-- phpMyAdmin SQL Dump
-- version 4.8.5
-- https://www.phpmyadmin.net/
--
-- Host: 127.0.0.1:3306
-- Czas generowania: 16 Lis 2019, 10:04
-- Wersja serwera: 5.7.26
-- Wersja PHP: 7.3.5

SET SQL_MODE = "NO_AUTO_VALUE_ON_ZERO";
SET AUTOCOMMIT = 0;
START TRANSACTION;
SET time_zone = "+00:00";


/*!40101 SET @OLD_CHARACTER_SET_CLIENT=@@CHARACTER_SET_CLIENT */;
/*!40101 SET @OLD_CHARACTER_SET_RESULTS=@@CHARACTER_SET_RESULTS */;
/*!40101 SET @OLD_COLLATION_CONNECTION=@@COLLATION_CONNECTION */;
/*!40101 SET NAMES utf8mb4 */;

--
-- Baza danych: `moonphasestudio`
--

-- --------------------------------------------------------

--
-- Struktura tabeli dla tabeli `im_category`
--

DROP TABLE IF EXISTS `im_category`;
CREATE TABLE IF NOT EXISTS `im_category` (
  `category_id` int(11) NOT NULL AUTO_INCREMENT,
  `label_id` int(11) NOT NULL,
  `name` varchar(64) COLLATE utf8_polish_ci DEFAULT '',
  `content` varchar(128) COLLATE utf8_polish_ci DEFAULT '',
  `position` int(11) DEFAULT '0',
  `status` varchar(3) COLLATE utf8_polish_ci DEFAULT 'on',
  `description` text COLLATE utf8_polish_ci,
  `date_create` datetime DEFAULT NULL,
  `date_modify` datetime DEFAULT NULL,
  PRIMARY KEY (`category_id`),
  KEY `label_id` (`label_id`)
) ENGINE=InnoDB DEFAULT CHARSET=utf8 COLLATE=utf8_polish_ci;

--
-- Wyzwalacze `im_category`
--
DROP TRIGGER IF EXISTS `im_category_insert_date_create`;
DELIMITER $$
CREATE TRIGGER `im_category_insert_date_create` BEFORE INSERT ON `im_category` FOR EACH ROW set new.date_create = now()
$$
DELIMITER ;
DROP TRIGGER IF EXISTS `im_category_insert_date_modify`;
DELIMITER $$
CREATE TRIGGER `im_category_insert_date_modify` BEFORE INSERT ON `im_category` FOR EACH ROW set new.date_modify = now()
$$
DELIMITER ;
DROP TRIGGER IF EXISTS `im_category_update_date_modify`;
DELIMITER $$
CREATE TRIGGER `im_category_update_date_modify` BEFORE UPDATE ON `im_category` FOR EACH ROW set new.date_modify = now()
$$
DELIMITER ;

-- --------------------------------------------------------

--
-- Struktura tabeli dla tabeli `im_file`
--

DROP TABLE IF EXISTS `im_file`;
CREATE TABLE IF NOT EXISTS `im_file` (
  `file_id` int(11) NOT NULL AUTO_INCREMENT,
  `name` varchar(64) COLLATE utf8_polish_ci DEFAULT '',
  `content` varchar(128) COLLATE utf8_polish_ci DEFAULT '',
  `url` varchar(128) COLLATE utf8_polish_ci DEFAULT '',
  `status` varchar(3) COLLATE utf8_polish_ci DEFAULT 'on',
  `description` text COLLATE utf8_polish_ci,
  `date_create` datetime DEFAULT NULL,
  `date_modify` datetime DEFAULT NULL,
  PRIMARY KEY (`file_id`)
) ENGINE=InnoDB DEFAULT CHARSET=utf8 COLLATE=utf8_polish_ci;

--
-- Wyzwalacze `im_file`
--
DROP TRIGGER IF EXISTS `im_file_insert_date_create`;
DELIMITER $$
CREATE TRIGGER `im_file_insert_date_create` BEFORE INSERT ON `im_file` FOR EACH ROW set new.date_create = now()
$$
DELIMITER ;
DROP TRIGGER IF EXISTS `im_file_insert_date_modify`;
DELIMITER $$
CREATE TRIGGER `im_file_insert_date_modify` BEFORE INSERT ON `im_file` FOR EACH ROW set new.date_modify = now()
$$
DELIMITER ;
DROP TRIGGER IF EXISTS `im_file_update_date_modify`;
DELIMITER $$
CREATE TRIGGER `im_file_update_date_modify` BEFORE UPDATE ON `im_file` FOR EACH ROW set new.date_modify = now()
$$
DELIMITER ;

-- --------------------------------------------------------

--
-- Struktura tabeli dla tabeli `im_form`
--

DROP TABLE IF EXISTS `im_form`;
CREATE TABLE IF NOT EXISTS `im_form` (
  `form_id` int(11) NOT NULL AUTO_INCREMENT,
  `name` varchar(128) COLLATE utf8_polish_ci DEFAULT '',
  `content` varchar(1024) COLLATE utf8_polish_ci DEFAULT '',
  `source` varchar(128) COLLATE utf8_polish_ci DEFAULT '',
  `destination` varchar(128) COLLATE utf8_polish_ci DEFAULT '',
  `description` text COLLATE utf8_polish_ci,
  `date_create` datetime DEFAULT NULL,
  PRIMARY KEY (`form_id`)
) ENGINE=InnoDB DEFAULT CHARSET=utf8 COLLATE=utf8_polish_ci;

--
-- Wyzwalacze `im_form`
--
DROP TRIGGER IF EXISTS `im_form_insert_date_create`;
DELIMITER $$
CREATE TRIGGER `im_form_insert_date_create` BEFORE INSERT ON `im_form` FOR EACH ROW set new.date_create = now()
$$
DELIMITER ;

-- --------------------------------------------------------

--
-- Struktura tabeli dla tabeli `im_image`
--

DROP TABLE IF EXISTS `im_image`;
CREATE TABLE IF NOT EXISTS `im_image` (
  `image_id` int(11) NOT NULL AUTO_INCREMENT,
  `section` int(11) DEFAULT '0',
  `name` varchar(64) COLLATE utf8_polish_ci DEFAULT '',
  `content` varchar(128) COLLATE utf8_polish_ci DEFAULT '',
  `url` varchar(128) COLLATE utf8_polish_ci DEFAULT '',
  `status` varchar(3) COLLATE utf8_polish_ci DEFAULT 'on',
  `description` text COLLATE utf8_polish_ci,
  `date_create` datetime DEFAULT NULL,
  `date_modify` datetime DEFAULT NULL,
  PRIMARY KEY (`image_id`)
) ENGINE=InnoDB AUTO_INCREMENT=5 DEFAULT CHARSET=utf8 COLLATE=utf8_polish_ci;

--
-- Zrzut danych tabeli `im_image`
--

INSERT INTO `im_image` (`image_id`, `section`, `name`, `content`, `url`, `status`, `description`, `date_create`, `date_modify`) VALUES
(1, 0, 'Jakaś zajawka', '<p>...i co taka zajawka może oznaczać...</p>', 'dsc_9479-553351831e1535b59e410701eff888c9.jpg', 'on', 'Noc przy ognisku', '2019-11-16 09:34:01', '2019-11-16 10:06:02'),
(2, 0, 'Tytuł drugiego slide\'u', '<p>tu też zajawka</p>', 'slide4-ec8c0836e4f3deadd07d30f8c0000e49.jpg', 'on', 'Kobieta patrzy na wprost, zielone oczy', '2019-11-16 10:06:33', '2019-11-16 10:34:34'),
(3, 0, 'Slide 3', '<p>...i zajawka...</p>', 'slide3-5fc6d850a2dcedfb07537fdfc083be30.jpg', 'on', 'Kobieta patrzy w dół, czarne oczy', '2019-11-16 10:07:26', '2019-11-16 10:34:16'),
(4, 1, 'Logo', '', 'logo-c554cc95b2cfb29325743f2600f0efc1.png', 'on', 'Logo 16-11-2019', '2019-11-16 10:37:10', '2019-11-16 10:44:14');

--
-- Wyzwalacze `im_image`
--
DROP TRIGGER IF EXISTS `im_image_insert_date_create`;
DELIMITER $$
CREATE TRIGGER `im_image_insert_date_create` BEFORE INSERT ON `im_image` FOR EACH ROW set new.date_create = now()
$$
DELIMITER ;
DROP TRIGGER IF EXISTS `im_image_insert_date_modify`;
DELIMITER $$
CREATE TRIGGER `im_image_insert_date_modify` BEFORE INSERT ON `im_image` FOR EACH ROW set new.date_modify = now()
$$
DELIMITER ;
DROP TRIGGER IF EXISTS `im_image_update_date_modify`;
DELIMITER $$
CREATE TRIGGER `im_image_update_date_modify` BEFORE UPDATE ON `im_image` FOR EACH ROW set new.date_modify = now()
$$
DELIMITER ;

-- --------------------------------------------------------

--
-- Struktura tabeli dla tabeli `im_label`
--

DROP TABLE IF EXISTS `im_label`;
CREATE TABLE IF NOT EXISTS `im_label` (
  `label_id` int(11) NOT NULL AUTO_INCREMENT,
  `name` varchar(128) COLLATE utf8_polish_ci DEFAULT '',
  `system_name` varchar(128) COLLATE utf8_polish_ci DEFAULT '',
  `description` text COLLATE utf8_polish_ci,
  `date_create` datetime DEFAULT NULL,
  `date_modify` datetime DEFAULT NULL,
  PRIMARY KEY (`label_id`)
) ENGINE=InnoDB AUTO_INCREMENT=3 DEFAULT CHARSET=utf8 COLLATE=utf8_polish_ci;

--
-- Zrzut danych tabeli `im_label`
--

INSERT INTO `im_label` (`label_id`, `name`, `system_name`, `description`, `date_create`, `date_modify`) VALUES
(1, 'Slider główny', 'slider', NULL, '2019-11-16 09:30:22', '2019-11-16 09:30:22'),
(2, 'Logo', 'logo', NULL, '2019-11-16 10:37:58', '2019-11-16 10:37:58');

--
-- Wyzwalacze `im_label`
--
DROP TRIGGER IF EXISTS `im_label_insert_date_create`;
DELIMITER $$
CREATE TRIGGER `im_label_insert_date_create` BEFORE INSERT ON `im_label` FOR EACH ROW set new.date_create = now()
$$
DELIMITER ;
DROP TRIGGER IF EXISTS `im_label_insert_date_modify`;
DELIMITER $$
CREATE TRIGGER `im_label_insert_date_modify` BEFORE INSERT ON `im_label` FOR EACH ROW set new.date_modify = now()
$$
DELIMITER ;
DROP TRIGGER IF EXISTS `im_label_update_date_modify`;
DELIMITER $$
CREATE TRIGGER `im_label_update_date_modify` BEFORE UPDATE ON `im_label` FOR EACH ROW set new.date_modify = now()
$$
DELIMITER ;

-- --------------------------------------------------------

--
-- Struktura tabeli dla tabeli `im_label_section`
--

DROP TABLE IF EXISTS `im_label_section`;
CREATE TABLE IF NOT EXISTS `im_label_section` (
  `label_section_id` int(11) NOT NULL AUTO_INCREMENT,
  `label_id` int(11) NOT NULL,
  `section` int(11) NOT NULL,
  `class` varchar(256) COLLATE utf8_polish_ci DEFAULT '',
  `description` text COLLATE utf8_polish_ci,
  `date_create` datetime DEFAULT NULL,
  `date_modify` datetime DEFAULT NULL,
  PRIMARY KEY (`label_section_id`),
  KEY `label_id` (`label_id`)
) ENGINE=InnoDB DEFAULT CHARSET=utf8 COLLATE=utf8_polish_ci;

--
-- Wyzwalacze `im_label_section`
--
DROP TRIGGER IF EXISTS `im_label_section_insert_date_create`;
DELIMITER $$
CREATE TRIGGER `im_label_section_insert_date_create` BEFORE INSERT ON `im_label_section` FOR EACH ROW set new.date_create = now()
$$
DELIMITER ;
DROP TRIGGER IF EXISTS `im_label_section_insert_date_modify`;
DELIMITER $$
CREATE TRIGGER `im_label_section_insert_date_modify` BEFORE INSERT ON `im_label_section` FOR EACH ROW set new.date_modify = now()
$$
DELIMITER ;
DROP TRIGGER IF EXISTS `im_label_section_update_date_modify`;
DELIMITER $$
CREATE TRIGGER `im_label_section_update_date_modify` BEFORE UPDATE ON `im_label_section` FOR EACH ROW set new.date_modify = now()
$$
DELIMITER ;

-- --------------------------------------------------------

--
-- Struktura tabeli dla tabeli `im_language`
--

DROP TABLE IF EXISTS `im_language`;
CREATE TABLE IF NOT EXISTS `im_language` (
  `language_id` int(11) NOT NULL AUTO_INCREMENT,
  `name` varchar(128) COLLATE utf8_polish_ci DEFAULT '',
  `system_name` varchar(4) COLLATE utf8_polish_ci DEFAULT '',
  `url` varchar(128) COLLATE utf8_polish_ci DEFAULT '',
  `position` int(11) DEFAULT '0',
  `status_default` varchar(3) COLLATE utf8_polish_ci DEFAULT 'off',
  `status` varchar(3) COLLATE utf8_polish_ci DEFAULT 'on',
  `description` text COLLATE utf8_polish_ci,
  `date_create` datetime DEFAULT NULL,
  `date_modify` datetime DEFAULT NULL,
  PRIMARY KEY (`language_id`)
) ENGINE=InnoDB AUTO_INCREMENT=3 DEFAULT CHARSET=utf8 COLLATE=utf8_polish_ci;

--
-- Zrzut danych tabeli `im_language`
--

INSERT INTO `im_language` (`language_id`, `name`, `system_name`, `url`, `position`, `status_default`, `status`, `description`, `date_create`, `date_modify`) VALUES
(1, 'Polish language', 'pl', 'pl.png', 1, 'on', 'on', '', '2019-11-14 21:07:52', '2019-11-14 21:07:52'),
(2, 'English language', 'en', 'en.png', 2, 'off', 'on', '', '2019-11-14 21:07:52', '2019-11-14 21:07:52');

--
-- Wyzwalacze `im_language`
--
DROP TRIGGER IF EXISTS `im_language_insert_date_create`;
DELIMITER $$
CREATE TRIGGER `im_language_insert_date_create` BEFORE INSERT ON `im_language` FOR EACH ROW set new.date_create = now()
$$
DELIMITER ;
DROP TRIGGER IF EXISTS `im_language_insert_date_modify`;
DELIMITER $$
CREATE TRIGGER `im_language_insert_date_modify` BEFORE INSERT ON `im_language` FOR EACH ROW set new.date_modify = now()
$$
DELIMITER ;
DROP TRIGGER IF EXISTS `im_language_update_date_modify`;
DELIMITER $$
CREATE TRIGGER `im_language_update_date_modify` BEFORE UPDATE ON `im_language` FOR EACH ROW set new.date_modify = now()
$$
DELIMITER ;

-- --------------------------------------------------------

--
-- Struktura tabeli dla tabeli `im_movie`
--

DROP TABLE IF EXISTS `im_movie`;
CREATE TABLE IF NOT EXISTS `im_movie` (
  `movie_id` int(11) NOT NULL AUTO_INCREMENT,
  `name` varchar(64) COLLATE utf8_polish_ci DEFAULT '',
  `content` text COLLATE utf8_polish_ci,
  `link` varchar(128) COLLATE utf8_polish_ci DEFAULT '',
  `status` varchar(3) COLLATE utf8_polish_ci DEFAULT 'on',
  `description` text COLLATE utf8_polish_ci,
  `date_create` datetime DEFAULT NULL,
  `date_modify` datetime DEFAULT NULL,
  PRIMARY KEY (`movie_id`)
) ENGINE=InnoDB DEFAULT CHARSET=utf8 COLLATE=utf8_polish_ci;

--
-- Wyzwalacze `im_movie`
--
DROP TRIGGER IF EXISTS `im_movie_insert_date_create`;
DELIMITER $$
CREATE TRIGGER `im_movie_insert_date_create` BEFORE INSERT ON `im_movie` FOR EACH ROW set new.date_create = now()
$$
DELIMITER ;
DROP TRIGGER IF EXISTS `im_movie_insert_date_modify`;
DELIMITER $$
CREATE TRIGGER `im_movie_insert_date_modify` BEFORE INSERT ON `im_movie` FOR EACH ROW set new.date_modify = now()
$$
DELIMITER ;
DROP TRIGGER IF EXISTS `im_movie_update_date_modify`;
DELIMITER $$
CREATE TRIGGER `im_movie_update_date_modify` BEFORE UPDATE ON `im_movie` FOR EACH ROW set new.date_modify = now()
$$
DELIMITER ;

-- --------------------------------------------------------

--
-- Struktura tabeli dla tabeli `im_object`
--

DROP TABLE IF EXISTS `im_object`;
CREATE TABLE IF NOT EXISTS `im_object` (
  `object_id` int(11) NOT NULL AUTO_INCREMENT,
  `type_id` int(11) NOT NULL,
  `label_id` int(11) NOT NULL,
  `section` int(11) DEFAULT '0',
  `system_name` varchar(128) COLLATE utf8_polish_ci DEFAULT '',
  `name` varchar(256) COLLATE utf8_polish_ci DEFAULT '',
  `content` text COLLATE utf8_polish_ci,
  `link` varchar(128) COLLATE utf8_polish_ci DEFAULT '',
  `email` varchar(64) COLLATE utf8_polish_ci DEFAULT '',
  `form` varchar(64) COLLATE utf8_polish_ci DEFAULT '',
  `icon` varchar(64) COLLATE utf8_polish_ci DEFAULT '',
  `position` int(11) DEFAULT '0',
  `status` varchar(3) COLLATE utf8_polish_ci DEFAULT 'on',
  `description` text COLLATE utf8_polish_ci,
  `date` varchar(32) COLLATE utf8_polish_ci DEFAULT '',
  `date_create` datetime DEFAULT NULL,
  `date_modify` datetime DEFAULT NULL,
  PRIMARY KEY (`object_id`),
  KEY `type_id` (`type_id`),
  KEY `label_id` (`label_id`)
) ENGINE=InnoDB AUTO_INCREMENT=3 DEFAULT CHARSET=utf8 COLLATE=utf8_polish_ci;

--
-- Zrzut danych tabeli `im_object`
--

INSERT INTO `im_object` (`object_id`, `type_id`, `label_id`, `section`, `system_name`, `name`, `content`, `link`, `email`, `form`, `icon`, `position`, `status`, `description`, `date`, `date_create`, `date_modify`) VALUES
(1, 1, 1, 0, 'Slider główny', '', NULL, '', '', '', '', 1, 'on', '', '2019-11-16', '2019-11-16 09:32:24', '2019-11-16 10:33:25'),
(2, 2, 2, 0, 'Logo', '', NULL, '', '', '', '', 1, 'on', '', '2019-11-16', '2019-11-16 10:38:16', '2019-11-16 10:38:25');

--
-- Wyzwalacze `im_object`
--
DROP TRIGGER IF EXISTS `im_object_insert_date`;
DELIMITER $$
CREATE TRIGGER `im_object_insert_date` BEFORE INSERT ON `im_object` FOR EACH ROW set new.date = current_date()
$$
DELIMITER ;
DROP TRIGGER IF EXISTS `im_object_insert_date_create`;
DELIMITER $$
CREATE TRIGGER `im_object_insert_date_create` BEFORE INSERT ON `im_object` FOR EACH ROW set new.date_create = now()
$$
DELIMITER ;
DROP TRIGGER IF EXISTS `im_object_insert_date_modify`;
DELIMITER $$
CREATE TRIGGER `im_object_insert_date_modify` BEFORE INSERT ON `im_object` FOR EACH ROW set new.date_modify = now()
$$
DELIMITER ;
DROP TRIGGER IF EXISTS `im_object_update_date_modify`;
DELIMITER $$
CREATE TRIGGER `im_object_update_date_modify` BEFORE UPDATE ON `im_object` FOR EACH ROW set new.date_modify = now()
$$
DELIMITER ;

-- --------------------------------------------------------

--
-- Struktura tabeli dla tabeli `im_object_category`
--

DROP TABLE IF EXISTS `im_object_category`;
CREATE TABLE IF NOT EXISTS `im_object_category` (
  `object_category_id` int(11) NOT NULL AUTO_INCREMENT,
  `object_id` int(11) NOT NULL,
  `category_id` int(11) NOT NULL,
  PRIMARY KEY (`object_category_id`),
  KEY `object_id` (`object_id`),
  KEY `category_id` (`category_id`)
) ENGINE=InnoDB DEFAULT CHARSET=utf8 COLLATE=utf8_polish_ci;

-- --------------------------------------------------------

--
-- Struktura tabeli dla tabeli `im_object_file`
--

DROP TABLE IF EXISTS `im_object_file`;
CREATE TABLE IF NOT EXISTS `im_object_file` (
  `object_file_id` int(11) NOT NULL AUTO_INCREMENT,
  `object_id` int(11) NOT NULL,
  `file_id` int(11) NOT NULL,
  `position` int(11) DEFAULT '0',
  PRIMARY KEY (`object_file_id`),
  KEY `object_id` (`object_id`),
  KEY `file_id` (`file_id`)
) ENGINE=InnoDB DEFAULT CHARSET=utf8 COLLATE=utf8_polish_ci;

-- --------------------------------------------------------

--
-- Struktura tabeli dla tabeli `im_object_image`
--

DROP TABLE IF EXISTS `im_object_image`;
CREATE TABLE IF NOT EXISTS `im_object_image` (
  `object_image_id` int(11) NOT NULL AUTO_INCREMENT,
  `object_id` int(11) NOT NULL,
  `image_id` int(11) NOT NULL,
  `position` int(11) DEFAULT '0',
  PRIMARY KEY (`object_image_id`),
  KEY `object_id` (`object_id`),
  KEY `image_id` (`image_id`)
) ENGINE=InnoDB AUTO_INCREMENT=19 DEFAULT CHARSET=utf8 COLLATE=utf8_polish_ci;

--
-- Zrzut danych tabeli `im_object_image`
--

INSERT INTO `im_object_image` (`object_image_id`, `object_id`, `image_id`, `position`) VALUES
(15, 1, 1, 0),
(16, 1, 2, 0),
(17, 1, 3, 0),
(18, 2, 4, 0);

-- --------------------------------------------------------

--
-- Struktura tabeli dla tabeli `im_object_movie`
--

DROP TABLE IF EXISTS `im_object_movie`;
CREATE TABLE IF NOT EXISTS `im_object_movie` (
  `object_movie_id` int(11) NOT NULL AUTO_INCREMENT,
  `object_id` int(11) NOT NULL,
  `movie_id` int(11) NOT NULL,
  `position` int(11) DEFAULT '0',
  PRIMARY KEY (`object_movie_id`),
  KEY `object_id` (`object_id`),
  KEY `movie_id` (`movie_id`)
) ENGINE=InnoDB DEFAULT CHARSET=utf8 COLLATE=utf8_polish_ci;

-- --------------------------------------------------------

--
-- Struktura tabeli dla tabeli `im_property`
--

DROP TABLE IF EXISTS `im_property`;
CREATE TABLE IF NOT EXISTS `im_property` (
  `property_id` int(11) NOT NULL AUTO_INCREMENT,
  `name` varchar(128) COLLATE utf8_polish_ci DEFAULT '',
  `system_name` varchar(128) COLLATE utf8_polish_ci DEFAULT '',
  `description` text COLLATE utf8_polish_ci,
  `date_create` datetime DEFAULT NULL,
  `date_modify` datetime DEFAULT NULL,
  PRIMARY KEY (`property_id`)
) ENGINE=InnoDB AUTO_INCREMENT=13 DEFAULT CHARSET=utf8 COLLATE=utf8_polish_ci;

--
-- Zrzut danych tabeli `im_property`
--

INSERT INTO `im_property` (`property_id`, `name`, `system_name`, `description`, `date_create`, `date_modify`) VALUES
(1, 'Nazwa', 'name', '', '2019-11-14 21:07:50', '2019-11-14 21:07:50'),
(2, 'Tekst', 'content', '', '2019-11-14 21:07:51', '2019-11-14 21:07:51'),
(3, 'Data', 'date', '', '2019-11-14 21:07:51', '2019-11-14 21:07:51'),
(4, 'Zdjęcie', 'image', '', '2019-11-14 21:07:52', '2019-11-14 21:07:52'),
(5, 'Link wewnętrzny', 'section', '', '2019-11-14 21:07:52', '2019-11-14 21:07:52'),
(6, 'Plik', 'file', '', '2019-11-14 21:07:52', '2019-11-14 21:07:52'),
(7, 'Menu', 'menu', '', '2019-11-14 21:07:52', '2019-11-14 21:07:52'),
(8, 'Link zewnętrzny', 'link', '', '2019-11-14 21:07:52', '2019-11-14 21:07:52'),
(9, 'Adres e-mail', 'email', '', '2019-11-14 21:07:52', '2019-11-14 21:07:52'),
(10, 'Adres formularza kontaktowego', 'form', '', '2019-11-14 21:07:52', '2019-11-14 21:07:52'),
(11, 'Film', 'movie', '', '2019-11-14 21:07:52', '2019-11-14 21:07:52'),
(12, 'Ikona', 'icon', '', '2019-11-14 21:07:52', '2019-11-14 21:07:52');

--
-- Wyzwalacze `im_property`
--
DROP TRIGGER IF EXISTS `im_property_insert_date_create`;
DELIMITER $$
CREATE TRIGGER `im_property_insert_date_create` BEFORE INSERT ON `im_property` FOR EACH ROW set new.date_create = now()
$$
DELIMITER ;
DROP TRIGGER IF EXISTS `im_property_insert_date_modify`;
DELIMITER $$
CREATE TRIGGER `im_property_insert_date_modify` BEFORE INSERT ON `im_property` FOR EACH ROW set new.date_modify = now()
$$
DELIMITER ;
DROP TRIGGER IF EXISTS `im_property_update_date_modify`;
DELIMITER $$
CREATE TRIGGER `im_property_update_date_modify` BEFORE UPDATE ON `im_property` FOR EACH ROW set new.date_modify = now()
$$
DELIMITER ;

-- --------------------------------------------------------

--
-- Struktura tabeli dla tabeli `im_section`
--

DROP TABLE IF EXISTS `im_section`;
CREATE TABLE IF NOT EXISTS `im_section` (
  `section_id` int(11) NOT NULL AUTO_INCREMENT,
  `parent` int(11) DEFAULT '0',
  `name` varchar(128) COLLATE utf8_polish_ci DEFAULT '',
  `name_url` varchar(128) COLLATE utf8_polish_ci DEFAULT '',
  `meta` varchar(512) COLLATE utf8_polish_ci DEFAULT '',
  `icon` varchar(128) COLLATE utf8_polish_ci DEFAULT '',
  `position` int(11) DEFAULT '0',
  `status` varchar(3) COLLATE utf8_polish_ci DEFAULT 'on',
  `description` text COLLATE utf8_polish_ci,
  `date_create` datetime DEFAULT NULL,
  `date_modify` datetime DEFAULT NULL,
  PRIMARY KEY (`section_id`)
) ENGINE=InnoDB AUTO_INCREMENT=2 DEFAULT CHARSET=utf8 COLLATE=utf8_polish_ci;

--
-- Zrzut danych tabeli `im_section`
--

INSERT INTO `im_section` (`section_id`, `parent`, `name`, `name_url`, `meta`, `icon`, `position`, `status`, `description`, `date_create`, `date_modify`) VALUES
(1, 0, 'Strona główna', 'strona-glowna', 'Opis strony głownej', 'fal fa-home', 1, 'on', '', '2019-11-14 21:28:52', '2019-11-14 21:28:52');

--
-- Wyzwalacze `im_section`
--
DROP TRIGGER IF EXISTS `im_section_insert_date_create`;
DELIMITER $$
CREATE TRIGGER `im_section_insert_date_create` BEFORE INSERT ON `im_section` FOR EACH ROW set new.date_create = now()
$$
DELIMITER ;
DROP TRIGGER IF EXISTS `im_section_insert_date_modify`;
DELIMITER $$
CREATE TRIGGER `im_section_insert_date_modify` BEFORE INSERT ON `im_section` FOR EACH ROW set new.date_modify = now()
$$
DELIMITER ;
DROP TRIGGER IF EXISTS `im_section_update_date_modify`;
DELIMITER $$
CREATE TRIGGER `im_section_update_date_modify` BEFORE UPDATE ON `im_section` FOR EACH ROW set new.date_modify = now()
$$
DELIMITER ;

-- --------------------------------------------------------

--
-- Struktura tabeli dla tabeli `im_section_object`
--

DROP TABLE IF EXISTS `im_section_object`;
CREATE TABLE IF NOT EXISTS `im_section_object` (
  `section_object_id` int(11) NOT NULL AUTO_INCREMENT,
  `section_id` int(11) NOT NULL,
  `object_id` int(11) NOT NULL,
  PRIMARY KEY (`section_object_id`),
  KEY `section_id` (`section_id`),
  KEY `object_id` (`object_id`)
) ENGINE=InnoDB AUTO_INCREMENT=12 DEFAULT CHARSET=utf8 COLLATE=utf8_polish_ci;

--
-- Zrzut danych tabeli `im_section_object`
--

INSERT INTO `im_section_object` (`section_object_id`, `section_id`, `object_id`) VALUES
(10, 1, 1),
(11, 1, 2);

-- --------------------------------------------------------

--
-- Struktura tabeli dla tabeli `im_setting`
--

DROP TABLE IF EXISTS `im_setting`;
CREATE TABLE IF NOT EXISTS `im_setting` (
  `setting_id` int(11) NOT NULL AUTO_INCREMENT,
  `name` varchar(128) COLLATE utf8_polish_ci DEFAULT '',
  `system_name` varchar(128) COLLATE utf8_polish_ci DEFAULT '',
  `content` varchar(128) COLLATE utf8_polish_ci DEFAULT '',
  `description` text COLLATE utf8_polish_ci,
  `date_create` datetime DEFAULT NULL,
  `date_modify` datetime DEFAULT NULL,
  PRIMARY KEY (`setting_id`)
) ENGINE=InnoDB AUTO_INCREMENT=2 DEFAULT CHARSET=utf8 COLLATE=utf8_polish_ci;

--
-- Zrzut danych tabeli `im_setting`
--

INSERT INTO `im_setting` (`setting_id`, `name`, `system_name`, `content`, `description`, `date_create`, `date_modify`) VALUES
(1, 'System name', 'name', 'IM-CMS Engine', '', '2019-11-14 21:28:52', '2019-11-14 21:28:52');

--
-- Wyzwalacze `im_setting`
--
DROP TRIGGER IF EXISTS `im_setting_insert_date_create`;
DELIMITER $$
CREATE TRIGGER `im_setting_insert_date_create` BEFORE INSERT ON `im_setting` FOR EACH ROW set new.date_create = now()
$$
DELIMITER ;
DROP TRIGGER IF EXISTS `im_setting_insert_date_modify`;
DELIMITER $$
CREATE TRIGGER `im_setting_insert_date_modify` BEFORE INSERT ON `im_setting` FOR EACH ROW set new.date_modify = now()
$$
DELIMITER ;
DROP TRIGGER IF EXISTS `im_setting_update_date_modify`;
DELIMITER $$
CREATE TRIGGER `im_setting_update_date_modify` BEFORE UPDATE ON `im_setting` FOR EACH ROW set new.date_modify = now()
$$
DELIMITER ;

-- --------------------------------------------------------

--
-- Struktura tabeli dla tabeli `im_translation`
--

DROP TABLE IF EXISTS `im_translation`;
CREATE TABLE IF NOT EXISTS `im_translation` (
  `translation_id` int(11) NOT NULL AUTO_INCREMENT,
  `language_id` int(11) NOT NULL,
  `name` varchar(128) COLLATE utf8_polish_ci DEFAULT '',
  `target_table` varchar(32) COLLATE utf8_polish_ci DEFAULT '',
  `target_column` varchar(32) COLLATE utf8_polish_ci DEFAULT '',
  `target_record` int(11) NOT NULL,
  `content` varchar(128) COLLATE utf8_polish_ci DEFAULT '',
  `description` text COLLATE utf8_polish_ci,
  `date_create` datetime DEFAULT NULL,
  `date_modify` datetime DEFAULT NULL,
  PRIMARY KEY (`translation_id`),
  KEY `language_id` (`language_id`)
) ENGINE=InnoDB DEFAULT CHARSET=utf8 COLLATE=utf8_polish_ci;

--
-- Wyzwalacze `im_translation`
--
DROP TRIGGER IF EXISTS `im_translation_insert_date_create`;
DELIMITER $$
CREATE TRIGGER `im_translation_insert_date_create` BEFORE INSERT ON `im_translation` FOR EACH ROW set new.date_create = now()
$$
DELIMITER ;
DROP TRIGGER IF EXISTS `im_translation_insert_date_modify`;
DELIMITER $$
CREATE TRIGGER `im_translation_insert_date_modify` BEFORE INSERT ON `im_translation` FOR EACH ROW set new.date_modify = now()
$$
DELIMITER ;
DROP TRIGGER IF EXISTS `im_translation_update_date_modify`;
DELIMITER $$
CREATE TRIGGER `im_translation_update_date_modify` BEFORE UPDATE ON `im_translation` FOR EACH ROW set new.date_modify = now()
$$
DELIMITER ;

-- --------------------------------------------------------

--
-- Struktura tabeli dla tabeli `im_translation_system`
--

DROP TABLE IF EXISTS `im_translation_system`;
CREATE TABLE IF NOT EXISTS `im_translation_system` (
  `translation_system_id` int(11) NOT NULL AUTO_INCREMENT,
  `language_id` int(11) NOT NULL,
  `name` varchar(128) COLLATE utf8_polish_ci DEFAULT '',
  `system_name` varchar(32) COLLATE utf8_polish_ci DEFAULT '',
  `content` varchar(128) COLLATE utf8_polish_ci DEFAULT '',
  `description` text COLLATE utf8_polish_ci,
  `date_create` datetime DEFAULT NULL,
  `date_modify` datetime DEFAULT NULL,
  PRIMARY KEY (`translation_system_id`),
  KEY `language_id` (`language_id`)
) ENGINE=InnoDB AUTO_INCREMENT=21 DEFAULT CHARSET=utf8 COLLATE=utf8_polish_ci;

--
-- Zrzut danych tabeli `im_translation_system`
--

INSERT INTO `im_translation_system` (`translation_system_id`, `language_id`, `name`, `system_name`, `content`, `description`, `date_create`, `date_modify`) VALUES
(1, 1, 'All', 'show-all', 'Pokaż wszystko', '', '2019-11-14 21:07:52', '2019-11-14 21:07:52'),
(2, 2, 'All', 'show-all', 'Show all', '', '2019-11-14 21:07:52', '2019-11-14 21:07:52'),
(3, 1, 'More', 'more', 'Więcej...', '', '2019-11-14 21:07:52', '2019-11-14 21:07:52'),
(4, 2, 'More', 'more', 'More...', '', '2019-11-14 21:07:52', '2019-11-14 21:07:52'),
(5, 1, 'No data', 'no-data', 'Brak danych', '', '2019-11-14 21:07:52', '2019-11-14 21:07:52'),
(6, 2, 'No data', 'no-data', 'No data', '', '2019-11-14 21:07:52', '2019-11-14 21:07:52'),
(7, 1, 'Przycisk wyślij', 'send', 'Wyślij', '', '2019-11-14 21:07:52', '2019-11-14 21:07:52'),
(8, 1, 'Nazwa', 'name', 'Nazwa', '', '2019-11-14 21:07:52', '2019-11-14 21:07:52'),
(9, 1, 'Nadawca', 'source', 'Nadawca', '', '2019-11-14 21:07:52', '2019-11-14 21:07:52'),
(10, 2, 'Send button', 'send', 'Send now', '', '2019-11-14 21:07:52', '2019-11-14 21:07:52'),
(11, 2, 'Name', 'name', 'name', '', '2019-11-14 21:07:53', '2019-11-14 21:07:53'),
(12, 2, 'From', 'source', 'from', '', '2019-11-14 21:07:53', '2019-11-14 21:07:53'),
(13, 1, 'Formularz błąd', 'form-error', 'Błąd wysyłania wiadomości', '', '2019-11-14 21:07:53', '2019-11-14 21:07:53'),
(14, 1, 'Formularz poprawny', 'form-ok', 'Wiadomość wysłana', '', '2019-11-14 21:07:53', '2019-11-14 21:07:53'),
(15, 2, 'Form error', 'form-error', 'Error sending form', '', '2019-11-14 21:07:53', '2019-11-14 21:07:53'),
(16, 2, 'Form ok', 'form-ok', 'Form send', '', '2019-11-14 21:07:53', '2019-11-14 21:07:53'),
(17, 1, 'Błąd captcha', 'captcha-error', 'Błąd obrazka', '', '2019-11-14 21:07:54', '2019-11-14 21:07:54'),
(18, 2, 'Captcha error', 'captcha-error', 'Captcha error', '', '2019-11-14 21:07:54', '2019-11-14 21:07:54'),
(19, 1, 'Captcha', 'captcha-text', 'Wpisz znaki', '', '2019-11-14 21:07:54', '2019-11-14 21:07:54'),
(20, 2, 'Captcha', 'captcha-text', 'Insert captcha', '', '2019-11-14 21:07:54', '2019-11-14 21:07:54');

--
-- Wyzwalacze `im_translation_system`
--
DROP TRIGGER IF EXISTS `im_translation_system_insert_date_create`;
DELIMITER $$
CREATE TRIGGER `im_translation_system_insert_date_create` BEFORE INSERT ON `im_translation_system` FOR EACH ROW set new.date_create = now()
$$
DELIMITER ;
DROP TRIGGER IF EXISTS `im_translation_system_insert_date_modify`;
DELIMITER $$
CREATE TRIGGER `im_translation_system_insert_date_modify` BEFORE INSERT ON `im_translation_system` FOR EACH ROW set new.date_modify = now()
$$
DELIMITER ;
DROP TRIGGER IF EXISTS `im_translation_system_update_date_modify`;
DELIMITER $$
CREATE TRIGGER `im_translation_system_update_date_modify` BEFORE UPDATE ON `im_translation_system` FOR EACH ROW set new.date_modify = now()
$$
DELIMITER ;

-- --------------------------------------------------------

--
-- Struktura tabeli dla tabeli `im_type`
--

DROP TABLE IF EXISTS `im_type`;
CREATE TABLE IF NOT EXISTS `im_type` (
  `type_id` int(11) NOT NULL AUTO_INCREMENT,
  `name` varchar(128) COLLATE utf8_polish_ci DEFAULT '',
  `class` varchar(128) COLLATE utf8_polish_ci DEFAULT '',
  `description` text COLLATE utf8_polish_ci,
  `date_create` datetime DEFAULT NULL,
  `date_modify` datetime DEFAULT NULL,
  PRIMARY KEY (`type_id`)
) ENGINE=InnoDB AUTO_INCREMENT=3 DEFAULT CHARSET=utf8 COLLATE=utf8_polish_ci;

--
-- Zrzut danych tabeli `im_type`
--

INSERT INTO `im_type` (`type_id`, `name`, `class`, `description`, `date_create`, `date_modify`) VALUES
(1, 'Slider główny', '', NULL, '2019-11-16 09:30:44', '2019-11-16 09:30:44'),
(2, 'Logo', '', NULL, '2019-11-16 10:37:46', '2019-11-16 10:37:46');

--
-- Wyzwalacze `im_type`
--
DROP TRIGGER IF EXISTS `im_type_insert_date_create`;
DELIMITER $$
CREATE TRIGGER `im_type_insert_date_create` BEFORE INSERT ON `im_type` FOR EACH ROW set new.date_create = now()
$$
DELIMITER ;
DROP TRIGGER IF EXISTS `im_type_insert_date_modify`;
DELIMITER $$
CREATE TRIGGER `im_type_insert_date_modify` BEFORE INSERT ON `im_type` FOR EACH ROW set new.date_modify = now()
$$
DELIMITER ;
DROP TRIGGER IF EXISTS `im_type_update_date_modify`;
DELIMITER $$
CREATE TRIGGER `im_type_update_date_modify` BEFORE UPDATE ON `im_type` FOR EACH ROW set new.date_modify = now()
$$
DELIMITER ;

-- --------------------------------------------------------

--
-- Struktura tabeli dla tabeli `im_type_property`
--

DROP TABLE IF EXISTS `im_type_property`;
CREATE TABLE IF NOT EXISTS `im_type_property` (
  `type_property_id` int(11) NOT NULL AUTO_INCREMENT,
  `type_id` int(11) NOT NULL,
  `property_id` int(11) NOT NULL,
  `class` varchar(128) COLLATE utf8_polish_ci DEFAULT '',
  `class_field` varchar(128) COLLATE utf8_polish_ci DEFAULT '',
  `position` int(11) DEFAULT '0',
  `description` text COLLATE utf8_polish_ci,
  `date_create` datetime DEFAULT NULL,
  `date_modify` datetime DEFAULT NULL,
  PRIMARY KEY (`type_property_id`),
  KEY `type_id` (`type_id`),
  KEY `property_id` (`property_id`)
) ENGINE=InnoDB AUTO_INCREMENT=3 DEFAULT CHARSET=utf8 COLLATE=utf8_polish_ci;

--
-- Zrzut danych tabeli `im_type_property`
--

INSERT INTO `im_type_property` (`type_property_id`, `type_id`, `property_id`, `class`, `class_field`, `position`, `description`, `date_create`, `date_modify`) VALUES
(1, 1, 4, 'col-12', '', 1, '', '2019-11-16 09:30:52', '2019-11-16 09:31:10'),
(2, 2, 4, '', '', 1, NULL, '2019-11-16 10:38:06', '2019-11-16 10:38:06');

--
-- Wyzwalacze `im_type_property`
--
DROP TRIGGER IF EXISTS `im_type_property_insert_date_create`;
DELIMITER $$
CREATE TRIGGER `im_type_property_insert_date_create` BEFORE INSERT ON `im_type_property` FOR EACH ROW set new.date_create = now()
$$
DELIMITER ;
DROP TRIGGER IF EXISTS `im_type_property_insert_date_modify`;
DELIMITER $$
CREATE TRIGGER `im_type_property_insert_date_modify` BEFORE INSERT ON `im_type_property` FOR EACH ROW set new.date_modify = now()
$$
DELIMITER ;
DROP TRIGGER IF EXISTS `im_type_property_update_date_modify`;
DELIMITER $$
CREATE TRIGGER `im_type_property_update_date_modify` BEFORE UPDATE ON `im_type_property` FOR EACH ROW set new.date_modify = now()
$$
DELIMITER ;

--
-- Ograniczenia dla zrzutów tabel
--

--
-- Ograniczenia dla tabeli `im_category`
--
ALTER TABLE `im_category`
  ADD CONSTRAINT `im_category_ibfk_1` FOREIGN KEY (`label_id`) REFERENCES `im_label` (`label_id`);

--
-- Ograniczenia dla tabeli `im_label_section`
--
ALTER TABLE `im_label_section`
  ADD CONSTRAINT `im_label_section_ibfk_1` FOREIGN KEY (`label_id`) REFERENCES `im_label` (`label_id`);

--
-- Ograniczenia dla tabeli `im_object`
--
ALTER TABLE `im_object`
  ADD CONSTRAINT `im_object_ibfk_1` FOREIGN KEY (`type_id`) REFERENCES `im_type` (`type_id`),
  ADD CONSTRAINT `im_object_ibfk_2` FOREIGN KEY (`label_id`) REFERENCES `im_label` (`label_id`);

--
-- Ograniczenia dla tabeli `im_object_category`
--
ALTER TABLE `im_object_category`
  ADD CONSTRAINT `im_object_category_ibfk_1` FOREIGN KEY (`object_id`) REFERENCES `im_object` (`object_id`),
  ADD CONSTRAINT `im_object_category_ibfk_2` FOREIGN KEY (`category_id`) REFERENCES `im_category` (`category_id`);

--
-- Ograniczenia dla tabeli `im_object_file`
--
ALTER TABLE `im_object_file`
  ADD CONSTRAINT `im_object_file_ibfk_1` FOREIGN KEY (`object_id`) REFERENCES `im_object` (`object_id`),
  ADD CONSTRAINT `im_object_file_ibfk_2` FOREIGN KEY (`file_id`) REFERENCES `im_file` (`file_id`);

--
-- Ograniczenia dla tabeli `im_object_image`
--
ALTER TABLE `im_object_image`
  ADD CONSTRAINT `im_object_image_ibfk_1` FOREIGN KEY (`object_id`) REFERENCES `im_object` (`object_id`),
  ADD CONSTRAINT `im_object_image_ibfk_2` FOREIGN KEY (`image_id`) REFERENCES `im_image` (`image_id`);

--
-- Ograniczenia dla tabeli `im_object_movie`
--
ALTER TABLE `im_object_movie`
  ADD CONSTRAINT `im_object_movie_ibfk_1` FOREIGN KEY (`object_id`) REFERENCES `im_object` (`object_id`),
  ADD CONSTRAINT `im_object_movie_ibfk_2` FOREIGN KEY (`movie_id`) REFERENCES `im_movie` (`movie_id`);

--
-- Ograniczenia dla tabeli `im_section_object`
--
ALTER TABLE `im_section_object`
  ADD CONSTRAINT `im_section_object_ibfk_1` FOREIGN KEY (`section_id`) REFERENCES `im_section` (`section_id`),
  ADD CONSTRAINT `im_section_object_ibfk_2` FOREIGN KEY (`object_id`) REFERENCES `im_object` (`object_id`);

--
-- Ograniczenia dla tabeli `im_translation`
--
ALTER TABLE `im_translation`
  ADD CONSTRAINT `im_translation_ibfk_1` FOREIGN KEY (`language_id`) REFERENCES `im_language` (`language_id`);

--
-- Ograniczenia dla tabeli `im_translation_system`
--
ALTER TABLE `im_translation_system`
  ADD CONSTRAINT `im_translation_system_ibfk_1` FOREIGN KEY (`language_id`) REFERENCES `im_language` (`language_id`);

--
-- Ograniczenia dla tabeli `im_type_property`
--
ALTER TABLE `im_type_property`
  ADD CONSTRAINT `im_type_property_ibfk_1` FOREIGN KEY (`type_id`) REFERENCES `im_type` (`type_id`),
  ADD CONSTRAINT `im_type_property_ibfk_2` FOREIGN KEY (`property_id`) REFERENCES `im_property` (`property_id`);
COMMIT;

/*!40101 SET CHARACTER_SET_CLIENT=@OLD_CHARACTER_SET_CLIENT */;
/*!40101 SET CHARACTER_SET_RESULTS=@OLD_CHARACTER_SET_RESULTS */;
/*!40101 SET COLLATION_CONNECTION=@OLD_COLLATION_CONNECTION */;
